state,1. Female population age 6 years and above who ever attended school (%),10. Households using clean fuel for cooking3 (%),100. Blood sugar level - very high (>160 mg/dl)23 (%),101. Blood sugar level - high or very high (>140 mg/dl) or taking medicine to control blood sugar level23 (%),102. Blood sugar level - high (141-160 mg/dl)23 (%),103. Blood sugar level - very high (>160 mg/dl)23 (%),104. Blood sugar level - high or very high (>140 mg/dl) or taking medicine to control blood sugar level23 (%),105. Mildly elevated blood pressure (Systolic 140-159 mm of Hg and/or Diastolic 90-99 mm of Hg) (%),106. Moderately or severely elevated blood pressure (Systolic ≥160 mm of Hg and/or Diastolic ≥100 mm of Hg) (%),107. Elevated blood pressure (Systolic ≥140 mm of Hg and/or Diastolic ≥90 mm of Hg) or taking medicine to control blood pressure (%),108. Mildly elevated blood pressure (Systolic 140-159 mm of Hg and/or Diastolic 90-99 mm of Hg) (%),109. Moderately or severely elevated blood pressure (Systolic ≥160 mm of Hg and/or Diastolic ≥100 mm of Hg) (%),11. Households using iodized salt (%),110. Elevated blood pressure (Systolic ≥140 mm of Hg and/or Diastolic ≥90 mm of Hg) or taking medicine to control blood pressure (%),111. Ever undergone a screening test for cervical cancer (%),112. Ever undergone a breast examination for breast cancer (%),113. Ever undergone an oral cavity examination for oral cancer (%),114. Ever undergone an oral cavity examination for oral cancer (%),115. Women who have comprehensive knowledge24 of HIV/AIDS (%),116. Men who have comprehensive knowledge24 of HIV/AIDS (%),117. Women who know that consistent condom use can reduce the chance of getting HIV/AIDS (%),118. Men who know that consistent condom use can reduce the chance of getting HIV/AIDS (%),119. Currently married women who usually participate in three household decisions25 (%),12. Households with any usual member covered under a health insurance/financing scheme (%),120. Women who worked in the last 12 months and were paid in cash (%),121. Women owning a house and/or land (alone or jointly with others) (%),122. Women having a bank or savings account that they themselves use (%),123. Women having a mobile phone that they themselves use (%),124. Women age 15-24 years who use hygienic methods of protection during their menstrual period26 (%),125. Ever-married women age 18-49 years who have ever experienced spousal violence27 (%),126. Ever-married women age 18-49 years who have experienced physical violence during any pregnancy (%),127. Young women age 18-29 years who experienced sexual violence by age 18 (%),128. Women age 15 years and above who use any kind of tobacco (%),129. Men age 15 years and above who use any kind of tobacco (%),13. Children age 5 years who attended pre-primary school during the school year 2019-20 (%),130. Women age 15 years and above who consume alcohol (%),131. Men age 15 years and above who consume alcohol (%),14. Women who are literate4 (%),15. Men who are literate4 (%),16. Women with 10 or more years of schooling (%),17. Men with 10 or more years of schooling (%),18. Women who have ever used the internet (%),19. Men who have ever used the internet (%),2. Population below age 15 years (%),20. Women age 20-24 years married before age 18 years (%),21. Men age 25-29 years married before age 21 years (%),22. Total fertility rate (children per woman),23. Women age 15-19 years who were already mothers or pregnant at the time of the survey (%),24. Adolescent fertility rate for women age 15-19 years5,25. Neonatal mortality rate (NNMR),26. Infant mortality rate (IMR),27. Under-five mortality rate (U5MR),28. Any method6 (%),29. Any modern method6 (%),"3. Sex ratio of the total population (females per 1,000 males)",30. Female sterilization (%),31. Male sterilization (%),32. IUD/PPIUD (%),33. Pill (%),34. Condom (%),35. Injectables (%),36. Total unmet need7 (%),37. Unmet need for spacing7 (%),38. Health worker ever talked to female non-users about family planning (%),39. Current users ever told about side effects of current method8 (%),"4. Sex ratio at birth for children born in the last five years (females per 1,000 males)",40. Mothers who had an antenatal check-up in the first trimester (%),41. Mothers who had at least 4 antenatal care visits (%),42. Mothers whose last birth was protected against neonatal tetanus9 (%),43. Mothers who consumed iron folic acid for 100 days or more when they were pregnant (%),44. Mothers who consumed iron folic acid for 180 days or more when they were pregnant (%),45. Registered pregnancies for which the mother received a Mother and Child Protection (MCP) card (%),46. Mothers who received postnatal care from a doctor/nurse/LHV/ANM/midwife/other health personnel within 2 days of delivery (%),47. Average out-of-pocket expenditure per delivery in a public health facility (Rs.),48. Children born at home who were taken to a health facility for a check-up within 24 hours of birth (%),49. Children who received postnatal care from a doctor/nurse/LHV/ANM/midwife/other health personnel within 2 days of delivery (%),5. Children under age 5 years whose birth was registered with the civil authority (%),50. Institutional births (%),51. Institutional births in public facility (%),52. Home births that were conducted by skilled health personnel10 (%),53. Births attended by skilled health personnel10 (%),54. Births delivered by caesarean section (%),55. Births in a private health facility that were delivered by caesarean section (%),56. Births in a public health facility that were delivered by caesarean section (%),57. Children age 12-23 months fully vaccinated based on information from either vaccination card or mother's recall11 (%),58. Children age 12-23 months fully vaccinated based on information from vaccination card only12 (%),59. Children age 12-23 months who have received BCG (%),6. Deaths in the last 3 years registered with the civil authority (%),60. Children age 12-23 months who have received 3 doses of polio vaccine13 (%),61. Children age 12-23 months who have received 3 doses of penta or DPT vaccine (%),62. Children age 12-23 months who have received the first dose of measles-containing vaccine (MCV) (%),63. Children age 24-35 months who have received a second dose of measles-containing vaccine (MCV) (%),64. Children age 12-23 months who have received 3 doses of rotavirus vaccine14 (%),65. Children age 12-23 months who have received 3 doses of penta or hepatitis B vaccine (%),66. Children age 9-35 months who received a vitamin A dose in the last 6 months (%),66. Children age 9-59 months who received a vitamin A dose in the last 6 months (%),67. Children age 12-23 months who received most of their vaccinations in a public health facility (%),68. Children age 12-23 months who received most of their vaccinations in a private health facility (%),69. Prevalence of diarrhoea in the 2 weeks preceding the survey (%),7. Population living in households with electricity (%),70. Children with diarrhoea in the 2 weeks preceding the survey who received oral rehydration salts (ORS) (%),71. Children with diarrhoea in the 2 weeks preceding the survey who received zinc (%),72. Children with diarrhoea in the 2 weeks preceding the survey taken to a health facility or health provider (%),73. Prevalence of symptoms of acute respiratory infection (ARI) in the 2 weeks preceding the survey (%),74. Children with fever or symptoms of ARI in the 2 weeks preceding the survey taken to a health facility or health provider (%),75. Children under age 3 years breastfed within one hour of birth15 (%),76. Children under age 6 months exclusively breastfed16 (%),77. Children age 6-8 months receiving solid or semi-solid food and breastmilk16 (%),"78. Breastfeeding children age 6-23 months receiving an adequate diet16, 17  (%)","79. Non-breastfeeding children age 6-23 months receiving an adequate diet16, 17 (%)",8. Population living in households with an improved drinking-water source1 (%),"80. Total children age 6-23 months receiving an adequate diet16, 17  (%)",81. Children under 5 years who are stunted (height-for-age)18 (%),82. Children under 5 years who are wasted (weight-for-height)18 (%),83. Children under 5 years who are severely wasted (weight-for-height)19 (%),84. Children under 5 years who are underweight (weight-for-age)18 (%),85. Children under 5 years who are overweight (weight-for-height)20 (%),86. Women whose Body Mass Index (BMI) is below normal (BMI <18.5 kg/m2)21 (%),87. Men whose Body Mass Index (BMI) is below normal (BMI <18.5 kg/m2) (%),88. Women who are overweight or obese (BMI ≥25.0 kg/m2)21 (%),89. Men who are overweight or obese (BMI ≥25.0 kg/m2) (%),9. Population living in households that use an improved sanitation facility2 (%),90. Women who have high risk waist-to-hip ratio (≥0.85) (%),91. Men who have high risk waist-to-hip ratio (≥0.90) (%),92. Children age 6-59 months who are anaemic (<11.0 g/dl)22 (%),93. Non-pregnant women age 15-49 years who are anaemic (<12.0 g/dl)22 (%),94. Pregnant women age 15-49 years who are anaemic (<11.0 g/dl)22 (%),95. All women age 15-49 years who are anaemic22 (%),96. All women age 15-19 years who are anaemic22 (%),97. Men age 15-49 years who are anaemic (<13.0 g/dl)22 (%),98. Men age 15-19 years who are anaemic (<13.0 g/dl)22 (%),99. Blood sugar level - high (141-160 mg/dl)23 (%),Risk Score,Risk Level
Andaman & Nicobar Islands,83.5,79.8,8.1,0.5966850828729282,9.3,7.3,17.9,15.3,4.9,0.5306122448979592,20.6,6.5,99.7,30.2,2.4,1.6,10.1,3.8,14.9,34.7,76.3,64.3,94.5,1.6,24.6,15.8,89.2,80.8,98.9,17.2,0.3,1.8,31.3,58.7,42.6,5.0,39.1,86.0,92.5,52.5,52.3,34.8,46.5,20.8,16.2,7.1,1.3,3.0,22.0,12.3,20.6,24.5,65.8,57.7,963.0,39.2,0.2,3.9,3.6,9.8,0.3,13.5,6.1,30.6,83.4,914.0,77.1,83.4,90.8,80.9,52.1,98.9,88.9,2924.0,33.8,91.0,97.4,99.0,87.3,0.2,97.3,29.9,79.2,23.6,77.8,96.0,98.2,90.9,80.9,92.6,82.1,31.9,0.3,85.4,86.0,,94.9,3.2,5.6,97.6,65.0,44.1,83.3,1.7,72.7,46.9,73.3,33.8,18.5,33.8,96.3,19.5,22.5,16.0,4.8,0.38869257950530034,5.4,9.4,4.0,0.7665706051873199,45.3,88.0,77.3,56.6,40.0,57.6,53.7,0.47313432835820896,44.9,16.1,27.1,7.4,0.5582349514339763,High
Andhra Pradesh,65.6,83.6,10.4,0.7071823204419889,8.4,11.4,21.8,13.6,5.9,0.5306122448979592,17.6,7.1,83.1,29.0,4.7,0.8,7.3,6.3,24.6,38.6,63.0,82.6,84.1,70.2,42.1,47.8,81.8,48.9,85.1,30.0,3.8,3.7,3.8,22.6,9.9,0.5,23.3,68.6,79.5,39.6,47.9,21.0,48.8,22.2,29.3,14.5,1.7,12.6,67.0,19.9,30.3,35.2,71.1,70.8,1045.0,69.6,0.4,0.2,0.1,0.5,0.0,4.7,2.6,18.6,28.9,934.0,81.7,67.5,92.8,70.3,41.1,96.5,90.7,3105.0,17.2,92.3,92.2,96.5,50.4,1.3,96.1,42.4,63.0,26.6,73.0,88.0,94.6,80.2,75.0,88.4,87.1,30.0,75.5,85.3,80.3,,94.2,4.3,7.2,99.5,62.5,41.8,74.3,2.4,70.2,52.0,68.0,50.8,8.2,12.1,96.7,9.3,31.2,16.1,6.0,0.5971731448763251,2.7,14.8,16.5,0.7146974063400575,31.1,77.3,48.9,53.0,63.2,59.0,53.7,0.4925373134328358,60.1,16.2,18.7,7.3,0.605112440998915,High
Arunachal Pradesh,71.2,53.2,3.1,0.09392265193370165,6.7,4.3,11.9,16.4,6.7,0.510204081632653,22.8,9.0,99.2,33.1,0.8,0.3,0.6,0.8,12.3,33.4,62.2,77.7,87.0,29.3,23.5,70.2,78.2,76.4,91.8,24.8,3.0,0.7,18.8,50.3,5.9,24.2,52.7,71.3,85.7,39.4,48.2,52.9,71.6,27.1,18.9,20.8,1.8,6.0,38.0,7.7,12.9,18.8,59.1,47.2,997.0,18.2,0.0,6.2,15.5,4.7,1.0,12.5,7.0,19.4,73.7,979.0,53.1,36.5,76.9,23.8,8.6,95.6,56.4,9731.0,2.3,56.5,87.7,79.2,74.8,4.0,82.1,14.8,47.3,17.0,64.9,76.4,87.9,34.5,69.0,77.7,80.7,27.4,32.0,73.0,,69.7,97.6,0.7,5.1,94.8,62.7,27.9,53.4,2.1,47.1,52.0,63.4,48.4,23.8,13.1,93.7,22.0,28.0,13.1,6.5,0.09540636042402831,9.7,5.7,4.9,0.35734870317002876,27.6,82.9,68.9,46.1,56.6,40.8,27.9,0.21641791044776115,48.5,21.4,24.9,4.6,0.27539982758206577,Low
Assam,78.2,42.1,4.9,0.3370165745856354,8.4,6.2,16.0,11.0,4.8,0.21428571428571433,12.9,4.4,98.8,20.3,0.2,0.2,0.2,1.4,19.2,25.3,71.5,85.2,92.1,60.0,19.0,42.7,78.5,57.2,66.3,32.0,2.3,8.0,22.1,51.8,4.4,7.3,25.1,77.2,84.3,29.6,35.5,28.2,42.3,28.3,31.8,21.8,1.9,11.7,61.0,22.5,31.9,39.1,60.8,45.3,1012.0,9.0,0.1,2.9,27.5,4.9,0.5,11.0,4.1,21.4,70.0,964.0,63.8,50.7,94.5,47.5,18.5,98.7,65.3,5415.0,2.0,69.9,96.3,84.1,74.4,2.6,86.1,18.1,70.6,15.2,66.4,71.8,92.5,65.5,73.4,81.7,82.8,19.4,45.4,75.1,58.2,,95.6,2.3,5.5,92.6,69.1,28.0,53.5,2.5,51.2,49.1,63.6,51.7,8.1,5.4,86.0,8.0,35.3,21.7,9.1,0.7102473498233215,4.9,17.6,13.4,0.10662824207492792,16.2,68.6,67.2,44.9,68.4,66.4,54.2,0.5985074626865673,67.0,36.0,39.6,6.9,0.36853898691435294,Moderate
Bihar,61.1,37.8,5.4,0.33149171270718225,8.3,7.0,16.2,8.7,3.6,0.0510204081632653,11.2,4.3,93.3,18.4,0.8,0.3,0.3,0.9,10.3,25.2,57.4,80.4,86.5,14.6,12.6,55.3,76.7,51.4,58.8,40.0,2.8,8.3,5.0,48.8,11.5,0.4,15.5,57.8,78.5,28.8,42.8,20.6,43.6,36.4,40.8,30.5,3.0,11.0,77.0,34.5,46.8,56.4,55.8,44.4,1090.0,34.8,0.1,0.8,2.0,4.0,1.1,13.6,6.1,20.2,49.9,908.0,52.9,25.2,89.5,18.0,9.3,89.5,57.3,2848.0,2.9,59.3,75.6,76.2,56.9,6.1,79.0,9.7,39.6,3.6,71.0,82.7,95.5,37.1,75.5,85.0,85.7,29.9,3.4,82.3,56.0,,96.6,2.2,13.7,96.3,58.2,25.6,64.7,3.5,69.4,31.1,58.9,39.0,10.8,11.5,99.2,10.9,42.9,22.9,8.8,1.0,2.4,25.6,21.5,0.12680115273775217,14.7,49.4,60.3,47.7,69.4,63.6,63.1,0.5626865671641792,65.7,29.5,34.8,6.4,0.3669509885626391,Moderate
Chandigarh,86.7,95.8,12.0,0.6795580110497238,7.1,8.8,16.6,14.5,5.6,0.5153061224489796,18.7,8.7,96.8,30.6,1.4,0.0,0.4,2.4,20.3,53.6,72.3,85.0,94.6,32.2,22.0,30.4,87.1,70.0,93.4,9.7,0.0,33.8,0.6,12.1,6.3,0.3,18.6,78.7,90.2,59.6,64.5,75.2,91.9,23.3,9.7,33.8,1.4,0.8,9.0,33.8,33.8,33.8,77.4,55.6,917.0,19.0,0.3,4.2,0.5,31.1,0.0,6.9,2.5,34.0,91.7,838.0,82.3,78.7,93.2,73.9,64.5,97.2,90.6,5546.0,33.8,89.3,97.6,96.9,83.2,0.2,97.0,31.3,44.3,30.4,80.9,82.8,96.8,93.6,80.9,87.9,87.9,15.0,84.9,84.9,,72.6,92.9,7.1,4.3,99.9,33.8,33.8,33.8,0.3,33.8,63.7,33.8,33.8,22.7,33.8,99.1,19.0,25.3,8.4,2.3,0.27915194346289757,1.9,13.0,15.1,0.9365994236311238,34.4,85.0,60.7,66.9,54.6,60.1,33.8,0.5149253731343284,57.7,8.1,33.8,6.0,0.5969158836947148,High
Chhattisgarh,69.3,33.0,3.8,0.12707182320441987,5.4,4.4,10.8,14.8,6.8,0.4438775510204082,19.0,7.5,98.5,27.7,0.3,0.2,0.2,1.2,23.1,30.7,75.6,84.9,92.7,71.4,39.1,45.6,80.3,40.7,68.8,20.2,0.9,0.8,17.3,43.1,4.6,5.0,34.8,72.5,82.7,36.9,41.5,26.7,56.3,25.4,12.1,16.2,1.8,3.1,24.0,32.4,44.3,50.4,67.8,61.7,1015.0,47.5,0.8,2.8,2.4,4.1,0.4,8.3,3.4,30.1,83.4,960.0,65.7,60.1,91.9,45.0,26.3,97.5,84.0,1833.0,9.8,81.7,96.6,85.7,70.0,5.8,88.8,15.2,57.0,8.9,79.7,84.8,96.4,77.0,84.2,87.5,90.2,30.4,50.4,85.9,,84.5,96.6,3.1,3.6,98.8,67.3,40.0,73.8,1.5,63.6,32.2,80.3,41.3,9.7,2.5,95.5,9.3,34.6,18.9,7.5,0.657243816254417,4.0,23.1,17.4,0.0749279538904899,14.9,76.8,55.4,44.3,67.2,61.2,51.8,0.5223880597014925,61.4,27.0,31.5,4.5,0.35443352755254504,Moderate
Dadra & Nagar Haveli and Daman & Diu,74.4,79.9,5.9,0.3812154696132596,8.0,7.7,16.4,7.7,4.0,0.0,9.8,3.7,89.1,15.4,0.4,0.2,0.3,1.1,25.3,28.1,63.8,79.1,91.9,52.0,31.5,55.8,83.6,60.5,93.6,16.8,4.3,4.3,2.9,38.6,3.7,1.1,27.8,77.3,93.4,35.8,49.4,36.7,68.3,25.4,26.4,12.6,1.8,4.3,40.0,21.4,31.8,37.0,68.0,59.8,827.0,41.6,0.2,2.2,3.1,11.7,0.9,11.9,5.3,25.3,69.9,817.0,77.7,86.2,84.6,59.8,36.2,98.8,91.6,677.0,33.8,91.0,98.1,96.5,71.9,1.4,97.8,22.9,42.5,17.3,94.9,93.4,98.1,95.4,96.1,97.2,96.2,44.2,3.7,93.1,86.2,,97.3,2.7,2.6,99.7,33.8,33.8,33.8,0.3,90.7,25.9,79.4,43.3,10.7,4.0,95.4,10.2,39.4,21.6,4.3,0.9187279151943464,1.9,25.1,18.3,0.44092219020172907,21.4,65.8,45.4,31.1,75.8,62.6,60.7,0.5477611940298508,63.9,24.6,37.0,6.6,0.4117889580481199,Moderate
Goa,89.0,96.5,9.6,0.7790055248618785,10.3,11.6,24.1,12.1,3.6,0.6428571428571428,14.8,4.7,97.6,26.8,1.2,1.3,0.6,1.1,49.0,67.2,90.1,97.8,93.1,66.0,31.9,23.2,88.3,91.2,96.8,8.3,1.6,4.6,2.6,18.2,19.0,5.5,36.9,93.0,96.3,71.5,76.6,73.7,82.9,19.1,5.8,8.9,1.3,2.8,14.0,5.6,5.6,10.6,67.9,60.1,1027.0,29.9,0.0,2.4,2.7,23.2,0.0,8.4,4.0,27.7,85.5,838.0,70.3,93.0,96.5,87.5,65.0,99.8,95.4,3804.0,33.8,96.7,100.0,99.7,56.2,0.0,99.1,39.5,50.0,31.5,81.9,91.0,97.9,100.0,88.4,90.8,92.9,21.7,6.3,92.8,91.9,,92.7,7.3,3.2,100.0,33.8,33.8,33.8,0.9,86.6,61.6,61.4,33.8,20.2,33.8,98.5,21.5,25.8,19.1,7.5,0.3992932862190813,2.8,13.8,12.5,0.7089337175792507,32.6,87.9,51.1,35.4,53.2,38.9,41.0,0.1970149253731343,44.5,12.0,15.8,8.6,0.5575991122100006,High
Gujarat,72.9,66.9,6.7,0.5027624309392266,9.0,7.1,16.9,11.7,4.6,0.2908163265306123,13.1,4.4,95.6,20.3,0.2,0.1,0.2,0.7,28.5,35.7,66.7,82.5,92.2,39.0,30.8,42.6,70.0,48.8,65.8,14.0,1.6,3.6,8.7,41.1,6.9,0.6,5.8,76.5,90.9,33.8,45.6,30.8,58.9,24.0,21.8,27.7,1.9,5.2,34.0,21.8,31.2,37.6,65.3,53.6,965.0,35.9,0.2,3.1,2.3,11.4,0.1,10.3,4.5,29.8,74.1,955.0,79.3,76.9,89.1,60.0,43.2,97.7,89.7,1697.0,6.9,88.7,97.5,94.3,43.3,1.6,93.2,21.0,30.8,12.4,76.3,85.0,94.7,93.0,79.6,86.1,86.8,27.3,2.2,84.9,85.6,,92.1,7.6,8.2,97.6,66.5,35.4,69.6,1.0,75.2,37.8,65.0,42.0,5.9,6.0,97.2,5.9,39.0,25.1,10.6,0.9540636042402828,3.9,25.2,20.9,0.31988472622478387,19.9,74.0,43.7,40.9,79.7,65.1,62.6,0.5850746268656717,69.0,26.6,36.0,8.1,0.497357979074632,Moderate
Haryana,73.8,59.5,5.7,0.287292817679558,6.4,6.2,13.5,12.3,5.4,0.3112244897959183,16.6,6.9,96.1,25.1,0.8,0.3,0.3,1.4,19.7,36.4,70.9,88.5,87.5,25.7,18.8,39.3,73.6,50.4,93.2,18.2,1.6,0.4,2.5,29.1,7.6,0.3,16.1,79.7,91.5,49.5,62.2,48.4,72.4,25.3,12.5,16.0,1.9,3.9,27.0,21.6,33.3,38.7,73.1,60.5,926.0,32.3,0.9,5.0,2.8,18.1,0.4,7.6,3.3,24.9,69.1,893.0,85.2,60.4,90.7,51.2,32.0,96.8,91.3,1666.0,3.8,91.0,95.1,94.9,57.5,1.1,94.4,19.5,33.9,11.7,76.9,81.1,95.0,86.4,80.6,88.5,89.4,32.0,79.8,87.4,,64.9,96.9,2.4,4.9,99.6,46.6,26.2,76.1,2.3,73.5,41.6,69.5,43.0,11.9,11.1,98.6,11.8,27.5,11.5,4.4,0.3109540636042403,3.3,15.1,14.5,0.622478386167147,28.3,85.0,62.6,58.3,70.4,60.6,56.5,0.5164179104477611,62.3,18.9,29.9,5.4,0.4096870548485089,Moderate
Himachal Pradesh,81.0,51.7,6.4,0.39779005524861877,6.8,6.7,14.7,11.9,5.1,0.37244897959183665,16.5,4.9,99.1,24.4,0.9,0.4,0.3,1.1,36.2,40.8,76.6,85.5,93.9,34.5,20.2,23.1,83.1,79.5,91.5,8.3,0.6,2.5,1.7,32.3,4.6,0.6,31.9,91.7,94.9,65.9,71.3,49.7,67.9,21.8,5.4,4.6,1.7,3.4,22.0,20.5,25.6,28.9,74.2,63.4,1040.0,37.7,3.3,1.1,1.5,19.2,0.1,7.9,2.8,19.3,58.1,875.0,72.4,70.3,90.0,67.2,43.0,98.7,86.3,3760.0,7.6,86.0,97.9,88.2,71.7,1.7,87.1,21.0,51.4,17.4,89.3,96.4,98.2,94.0,90.1,96.1,95.9,42.4,87.9,96.3,77.3,,97.5,1.8,4.7,99.5,73.7,19.5,67.9,1.5,76.2,45.1,69.9,68.3,18.0,21.6,96.2,19.0,30.8,17.4,6.9,0.45229681978798586,5.7,13.9,11.8,0.5446685878962535,30.6,81.8,61.9,52.3,55.4,53.4,42.2,0.4059701492537313,53.2,18.6,22.1,6.4,0.4306425263458778,Moderate
India,71.8,58.6,6.3,0.3756906077348066,7.3,7.2,15.6,12.4,5.2,0.32653061224489793,15.7,5.7,94.3,24.0,1.9,0.9,0.9,1.2,21.6,30.7,68.4,82.0,88.7,41.0,25.4,43.3,78.6,54.0,77.3,29.3,3.1,1.5,8.9,38.0,13.6,1.3,18.8,71.5,84.4,41.0,50.2,33.3,57.1,26.5,23.3,17.7,2.0,6.8,43.0,24.9,35.2,41.9,66.7,56.5,1020.0,37.9,0.3,2.1,5.1,9.5,0.6,9.4,4.0,23.9,62.4,929.0,70.0,58.1,92.0,44.1,26.0,95.9,78.0,2916.0,4.2,79.1,89.1,88.6,61.9,3.2,89.4,21.5,47.4,14.3,76.4,83.8,95.2,70.8,80.5,86.7,87.9,31.9,36.4,83.9,,71.2,94.5,4.2,7.3,96.8,60.6,30.5,68.9,2.8,69.0,41.8,63.7,45.9,11.1,12.7,95.9,11.3,35.5,19.3,7.7,0.6855123674911662,3.4,18.7,16.2,0.36023054755043227,22.9,70.2,56.7,47.7,67.1,57.2,52.2,0.46567164179104475,59.1,25.0,31.1,6.1,0.42477806760015613,Moderate
Jammu & Kashmir,70.1,69.2,3.1,0.11049723756906071,4.3,2.7,8.0,11.7,3.0,0.260204081632653,12.3,2.8,98.1,18.9,0.5,0.3,0.7,1.1,15.8,33.6,65.3,74.6,81.6,12.7,18.4,57.3,84.9,75.2,73.4,9.6,1.2,4.0,3.6,38.3,1.6,0.2,8.8,77.3,91.5,51.3,68.2,43.3,72.0,24.1,4.5,8.5,1.4,1.0,9.0,9.8,16.3,18.5,59.8,52.5,948.0,21.1,0.3,5.9,9.0,11.7,3.6,7.8,3.9,11.1,64.0,976.0,86.6,80.9,91.9,29.8,15.9,97.3,84.2,5145.0,3.3,81.5,95.3,92.4,86.8,3.0,95.1,41.7,82.1,42.7,86.2,96.5,95.1,76.2,87.6,92.8,91.7,33.1,5.3,91.4,82.3,,99.1,0.4,5.6,99.3,80.8,50.5,74.9,3.9,62.3,55.6,62.0,41.8,12.4,22.2,91.9,13.6,26.9,19.0,9.7,0.2932862190812721,9.6,5.2,4.3,0.5129682997118156,31.6,75.7,87.8,60.7,72.7,67.3,44.1,0.5985074626865673,76.2,36.7,53.5,4.2,0.35343855326384277,Moderate
Jharkhand,64.5,31.9,4.2,0.19337016574585628,6.9,6.4,14.1,11.1,5.0,0.14795918367346939,15.1,6.1,97.7,22.6,0.5,0.1,0.2,0.4,13.8,31.2,65.9,80.6,91.0,50.3,18.0,64.2,79.6,49.0,74.9,31.5,3.1,1.3,8.4,47.4,9.0,6.1,35.0,61.7,81.3,33.2,46.6,31.4,58.0,31.3,32.2,22.7,2.3,9.8,64.0,28.2,37.9,45.4,61.7,49.5,1050.0,37.4,0.3,1.7,3.1,4.1,0.5,11.5,4.8,29.1,51.1,899.0,68.0,38.6,90.8,28.2,14.9,91.5,69.1,2069.0,3.4,68.7,73.5,75.8,56.8,8.4,82.5,12.8,46.7,7.0,73.9,79.2,95.0,40.4,76.8,85.6,86.7,32.3,74.6,84.4,,70.9,96.5,2.9,7.2,94.3,55.6,28.9,59.7,2.1,59.8,21.5,76.1,38.8,10.0,16.3,86.6,10.5,39.6,22.4,9.1,0.9434628975265017,2.8,26.2,17.1,0.011527377521613843,15.1,56.7,58.7,46.5,67.5,65.7,56.8,0.5895522388059702,65.8,29.6,39.7,5.4,0.33739918696203064,Moderate
Karnataka,73.0,79.7,6.8,0.4033149171270718,6.6,7.6,15.6,14.8,6.2,0.5153061224489796,17.2,6.7,92.8,26.9,0.5,0.4,0.5,0.3,24.5,26.6,79.4,87.8,82.7,28.1,37.0,67.6,88.7,61.8,84.2,44.4,5.8,11.0,8.5,27.1,17.3,0.9,16.5,76.7,88.5,50.2,56.5,35.0,62.4,22.9,21.3,6.1,1.7,5.4,40.0,15.8,25.4,29.5,68.7,68.2,1034.0,57.4,0.0,2.9,2.1,4.1,0.5,6.5,3.8,35.8,72.9,978.0,71.0,70.9,93.6,44.7,26.7,97.6,87.4,4954.0,12.3,85.5,97.5,97.0,64.8,1.6,93.8,31.5,52.5,22.6,84.1,88.3,97.2,86.6,87.6,92.1,91.2,33.4,5.9,88.8,86.2,,91.7,7.9,5.3,99.1,71.3,45.5,73.4,1.5,65.7,49.1,61.0,45.8,11.0,19.5,95.3,12.8,35.4,19.5,8.4,0.7137809187279152,3.2,17.2,14.3,0.5360230547550432,30.9,74.8,45.1,38.9,65.5,47.8,45.7,0.32835820895522383,49.4,19.6,26.5,5.7,0.48943290458889993,Moderate
Kerala,95.5,72.1,13.1,1.0,9.8,13.8,27.0,15.5,6.6,0.8163265306122447,19.2,6.7,99.3,32.8,3.5,2.4,0.7,0.5,34.8,45.4,74.1,84.5,94.1,51.5,25.8,27.3,78.5,86.6,93.0,9.9,0.5,1.6,2.2,16.9,29.0,0.2,19.9,98.3,98.2,77.0,73.3,61.1,76.1,20.6,6.3,1.4,1.8,2.4,18.0,3.4,4.4,5.2,60.7,52.8,1121.0,46.6,0.1,1.5,0.4,3.4,0.0,12.5,7.0,15.0,62.2,951.0,93.6,78.6,95.2,80.0,67.0,91.3,93.3,6710.0,33.8,91.2,99.0,99.8,34.1,0.2,100.0,38.9,39.9,37.2,77.8,85.2,97.6,97.4,84.1,85.2,88.3,15.5,9.5,83.0,84.1,,87.3,12.3,4.3,99.6,61.1,22.4,86.9,2.4,86.2,66.7,55.5,71.3,23.6,22.2,94.9,23.5,23.4,15.8,5.8,0.24734982332155475,4.0,10.1,10.0,0.7665706051873199,36.4,98.7,70.7,56.8,39.4,36.5,31.4,0.15671641791044771,32.5,17.8,27.4,8.3,0.6258415107708479,High
Ladakh,68.0,76.3,1.8,0.0,4.4,2.5,8.3,10.4,1.7,0.040816326530612186,11.2,2.3,98.8,17.4,0.3,0.2,0.2,0.0,24.3,29.6,73.9,80.4,80.4,14.9,28.3,72.2,88.4,81.2,78.2,18.1,1.1,8.7,3.2,35.7,0.7,3.8,23.6,76.8,93.7,50.0,72.7,56.4,67.8,22.8,2.5,20.2,1.3,0.0,2.0,11.4,20.0,29.5,51.3,48.0,971.0,16.7,0.4,7.9,6.6,9.0,6.2,7.9,4.0,12.2,59.4,1125.0,85.8,78.4,94.2,14.3,7.3,97.8,79.6,3807.0,33.8,76.7,98.6,95.1,94.7,2.3,97.0,37.6,33.8,39.3,88.2,100.0,99.1,74.9,88.2,95.0,92.9,43.2,10.6,94.1,87.1,,100.0,0.0,8.5,99.5,78.3,54.5,75.0,5.3,57.3,57.9,70.9,33.8,20.7,33.8,88.7,24.0,30.5,17.5,9.1,0.27208480565371024,13.4,4.4,2.1,0.484149855907781,37.8,42.3,86.3,60.8,92.5,93.7,78.1,1.0,96.9,75.6,93.1,3.9,0.3478467736622658,Moderate
Lakshadweep,93.0,59.4,9.9,0.7071823204419889,10.2,8.1,20.7,13.9,6.5,0.5051020408163265,16.6,5.1,96.7,24.7,1.7,0.5,0.3,0.0,46.9,65.5,74.9,96.0,92.2,60.1,10.9,30.7,66.9,84.0,98.3,1.3,0.0,0.8,17.5,28.5,32.0,0.3,0.4,96.5,99.1,67.8,80.9,56.4,80.3,22.3,1.3,33.8,1.4,1.1,2.0,0.0,0.0,0.0,52.6,30.1,1187.0,20.7,0.0,1.0,1.2,4.1,0.0,12.3,8.0,14.8,85.0,1051.0,99.6,88.3,99.4,80.1,61.7,77.8,92.6,2533.0,33.8,93.7,100.0,99.6,65.3,0.4,100.0,31.3,37.7,28.2,86.1,91.7,94.2,96.6,86.1,91.0,91.0,11.7,12.7,88.9,44.8,,100.0,0.0,2.3,99.8,33.8,33.8,33.8,1.4,33.8,76.3,67.0,33.8,20.2,33.8,92.9,19.0,32.0,17.4,8.7,0.4628975265017668,10.5,8.0,5.5,0.6340057636887607,41.3,99.8,68.4,53.9,43.1,26.0,20.9,0.0,31.4,5.6,33.8,8.4,0.4639477560054966,Moderate
Madhya Pradesh,67.5,40.1,3.9,0.1712707182320442,6.6,4.9,12.2,13.2,5.2,0.2908163265306123,16.0,5.3,95.3,22.7,0.8,0.5,0.7,0.9,18.7,26.3,65.1,78.5,86.0,38.1,26.8,39.9,74.7,38.5,60.5,28.1,2.3,1.0,10.2,46.5,10.5,1.0,17.1,65.4,81.3,29.3,39.9,26.9,55.7,26.5,23.1,30.1,2.0,5.1,37.0,29.0,41.3,49.2,71.7,65.5,970.0,51.9,0.7,1.1,1.9,8.1,0.4,7.7,3.9,28.2,69.9,956.0,75.4,57.5,95.0,51.4,31.8,96.7,83.5,1619.0,9.4,83.9,94.1,90.7,80.2,2.5,89.3,12.1,52.3,8.2,77.1,83.3,95.4,74.3,81.4,87.4,88.0,35.2,70.9,85.0,,78.1,98.4,1.2,6.4,98.4,65.2,35.6,65.6,2.6,64.3,41.3,74.0,39.5,9.4,7.7,89.0,9.2,35.7,19.0,6.5,0.7173144876325088,2.0,23.0,20.8,0.1469740634005764,15.6,65.1,40.5,39.1,72.7,54.7,52.9,0.43134328358208956,58.1,22.4,30.5,5.3,0.33021886782047144,Moderate
Maharashtra,79.6,79.7,5.4,0.3149171270718232,6.5,5.9,13.6,13.7,5.0,0.41836734693877553,16.0,5.3,96.2,24.4,2.3,1.3,1.3,0.6,34.4,42.6,72.1,84.5,89.8,20.0,34.7,22.9,72.8,54.8,84.8,25.2,3.3,6.2,10.9,33.8,28.4,0.4,13.9,84.6,93.0,50.4,61.0,38.0,61.5,22.8,21.9,10.5,1.7,7.6,47.0,16.5,23.2,28.0,66.2,63.8,966.0,49.1,0.4,1.9,1.8,10.2,0.2,9.6,3.9,21.9,52.1,913.0,70.9,70.3,90.1,48.2,30.9,95.5,85.4,2966.0,6.8,89.1,96.3,94.7,55.8,2.0,93.8,25.4,39.1,18.3,73.5,81.7,93.8,89.7,79.0,83.4,84.7,26.3,8.2,75.6,72.2,,89.5,10.0,8.9,97.8,59.5,27.3,72.3,3.2,77.5,53.2,71.0,52.7,8.4,12.0,93.5,9.0,35.2,25.6,10.9,0.8268551236749118,4.1,20.8,16.2,0.34293948126801144,24.7,72.0,44.5,40.7,68.9,54.5,45.7,0.4238805970149254,57.2,21.9,27.9,5.7,0.4449675463568827,Moderate
Manipur,84.0,70.4,6.3,0.3812154696132596,7.0,8.3,16.5,13.6,5.9,0.41326530612244894,20.8,9.3,99.3,33.2,2.1,1.6,1.0,0.8,50.6,55.9,87.8,94.3,94.8,14.2,42.1,58.4,74.0,72.2,82.9,39.6,2.9,5.4,43.1,58.1,25.0,0.9,37.5,87.6,95.2,48.1,58.7,44.8,73.9,28.0,16.3,15.3,2.2,8.6,43.0,17.2,25.0,30.0,61.3,18.2,1066.0,3.7,0.0,4.9,4.4,4.8,0.1,12.2,4.7,6.0,45.4,967.0,79.9,79.4,88.9,52.3,30.3,72.9,73.4,14518.0,0.5,70.3,87.4,79.9,59.4,5.8,85.6,25.6,53.2,24.7,68.8,75.7,95.4,42.1,75.6,81.4,76.6,15.3,6.8,80.0,44.9,,92.3,5.6,5.6,98.1,69.8,26.1,48.2,1.8,41.2,53.7,70.7,78.9,19.3,22.4,77.1,19.6,23.4,9.9,3.4,0.021201413427561887,3.4,7.2,8.0,0.6512968299711815,30.3,64.9,65.7,48.7,42.8,29.3,32.4,0.053731343283582055,27.9,6.0,7.8,6.2,0.32374526711835117,Moderate
Meghalaya,85.9,33.7,3.0,0.15469613259668505,8.6,4.2,13.9,10.0,3.9,0.1938775510204081,14.2,3.8,90.6,21.4,0.6,0.5,0.4,1.2,14.5,15.9,54.1,62.7,92.3,63.5,40.0,65.0,70.4,67.5,64.9,16.0,1.6,6.7,28.2,57.7,31.2,1.5,32.4,88.2,83.7,35.1,34.7,34.7,42.1,37.3,16.9,17.9,2.9,7.2,49.0,19.8,32.3,40.0,27.4,22.5,1039.0,5.6,0.0,4.4,8.3,2.7,1.1,26.9,18.3,27.4,67.2,989.0,53.9,52.2,82.1,43.1,20.6,93.3,43.9,3219.0,1.6,44.9,82.1,58.1,49.1,6.6,64.0,8.2,40.8,9.2,63.8,80.0,89.3,54.4,68.5,73.1,72.5,14.2,4.1,65.7,61.0,,93.6,3.5,10.4,91.9,73.2,40.5,69.2,4.8,72.9,78.8,42.7,66.8,29.0,32.5,79.2,29.8,46.5,12.1,4.7,0.49116607773851595,4.0,10.8,9.0,0.0,13.9,82.9,60.6,24.7,45.1,54.4,45.0,0.41791044776119396,52.5,25.5,30.1,5.0,0.2366656154874552,Low
Mizoram,93.2,83.8,5.7,0.39226519337016574,7.8,6.0,15.4,10.7,3.2,0.1428571428571428,16.2,5.4,99.0,25.2,6.9,2.7,0.9,1.2,64.1,65.6,91.3,95.1,98.8,46.4,29.2,20.8,80.7,82.3,89.8,10.9,0.7,2.0,61.6,72.9,5.0,0.9,23.8,94.4,97.1,50.0,49.1,67.6,79.7,27.3,8.0,11.0,1.9,4.1,22.0,11.4,21.3,24.0,31.2,30.8,1018.0,13.0,0.0,2.8,12.9,1.9,0.1,18.9,12.8,14.5,58.4,969.0,72.7,58.0,80.0,61.9,10.5,96.1,68.0,7008.0,2.0,36.9,99.4,85.8,73.8,3.5,87.7,10.8,30.4,9.8,72.5,83.7,83.4,88.4,76.2,80.7,80.9,25.8,7.2,76.4,65.7,,96.9,2.4,4.3,98.2,71.4,29.8,44.6,0.6,53.0,60.1,67.9,56.9,12.5,18.5,95.8,13.4,28.9,9.8,4.9,0.0,10.0,5.3,5.1,0.3659942363112391,31.9,95.3,47.6,28.1,46.4,34.8,34.0,0.13432835820895517,34.9,15.6,21.5,6.9,0.21423184329235773,Low
NCT Delhi,83.8,98.9,6.3,0.3038674033149171,5.3,7.3,14.1,14.7,5.9,0.46938775510204084,21.8,8.7,96.8,32.8,0.7,0.3,0.9,0.5,29.5,43.9,82.3,92.9,92.0,25.0,24.9,22.7,72.5,73.8,96.9,22.6,3.6,1.6,2.2,26.3,15.8,0.5,21.6,83.7,90.2,59.7,60.9,63.8,85.2,24.3,9.9,12.0,1.6,3.3,19.0,17.5,24.5,30.6,76.4,57.7,913.0,18.0,0.2,6.7,2.7,28.3,0.4,6.1,2.0,16.9,70.8,923.0,76.4,77.2,93.4,69.1,49.0,94.0,85.4,2548.0,4.5,86.7,94.4,91.8,62.4,2.3,93.4,23.6,42.8,17.7,76.0,79.4,96.8,89.0,80.2,85.0,90.1,37.2,26.6,81.9,,52.9,88.7,11.1,10.6,99.9,64.5,32.8,78.2,5.6,76.7,51.2,64.3,62.9,18.8,9.5,99.4,16.8,30.9,11.2,4.9,0.32155477031802127,4.0,10.0,9.1,0.8587896253602304,38.0,81.1,67.7,61.8,69.2,50.2,42.2,0.3597014925373134,51.6,12.6,18.9,4.2,0.47005185856570564,Moderate
Nagaland,85.2,43.0,3.8,0.14364640883977903,6.6,5.5,12.4,13.8,7.6,0.38265306122448967,19.1,8.9,99.0,28.7,0.3,0.3,0.4,0.2,25.6,40.1,61.4,68.5,99.2,20.5,23.6,26.9,63.7,82.5,80.2,6.4,0.4,1.6,13.7,48.4,6.1,0.9,24.0,85.8,93.3,44.4,53.1,49.9,64.6,24.7,5.6,5.0,1.7,3.8,19.0,10.2,23.4,33.0,57.4,45.3,1007.0,14.4,0.0,19.8,6.4,3.3,0.3,9.1,4.5,9.7,60.2,945.0,49.5,20.7,81.3,10.2,4.1,92.4,43.9,5778.0,0.6,41.8,73.2,45.7,35.8,10.4,55.3,5.2,23.6,8.0,57.9,71.3,85.5,40.3,65.4,71.5,73.8,20.5,6.5,66.4,45.6,,93.2,4.1,3.4,98.6,54.5,9.1,31.5,1.1,30.9,57.9,43.2,69.4,12.6,18.0,91.0,14.5,32.7,19.1,7.9,0.5017667844522968,4.9,11.1,7.5,0.0835734870317003,23.9,87.7,62.0,29.4,42.7,29.3,22.2,0.04626865671641788,33.9,10.0,19.6,5.2,0.22562599349154638,Low
Odisha,71.5,34.7,6.6,0.4033149171270718,7.3,8.7,17.0,12.9,5.6,0.38265306122448967,16.8,6.1,98.0,25.6,0.9,0.2,0.3,1.2,21.4,24.6,71.9,86.6,90.2,47.9,25.7,43.5,86.5,50.1,81.5,30.6,3.5,0.8,26.0,51.6,10.8,4.3,28.8,69.5,84.6,33.0,38.6,24.9,50.7,24.9,20.5,13.3,1.8,7.6,40.0,27.0,36.3,41.1,74.1,48.8,1063.0,28.0,0.3,2.6,10.8,5.5,0.2,7.2,2.5,25.5,73.1,894.0,76.9,78.1,95.2,60.8,34.4,99.4,88.4,4139.0,10.5,88.1,90.8,92.2,78.7,1.9,91.8,21.6,70.7,15.3,90.5,90.7,97.3,69.8,91.7,94.7,95.9,45.3,88.1,94.4,,87.1,98.1,1.4,9.7,97.0,65.7,36.9,56.2,3.2,65.4,68.5,72.9,67.5,20.3,22.5,91.1,20.4,31.0,18.1,6.1,0.6007067137809187,3.5,20.8,15.3,0.3314121037463977,22.2,60.5,63.0,55.6,64.2,64.4,61.8,0.5746268656716418,65.5,28.5,30.0,6.5,0.44764004968228244,Moderate
Puducherry,84.6,92.3,10.1,0.7403314917127073,7.0,12.2,21.7,12.1,4.0,0.41326530612244894,19.1,6.4,93.4,30.1,7.4,4.2,1.5,0.1,30.2,32.5,79.3,90.3,97.9,30.1,38.2,37.3,92.6,82.9,99.1,30.5,1.6,0.0,2.6,14.8,23.6,0.3,27.7,89.7,93.8,65.4,74.2,61.9,80.7,20.4,6.5,6.5,1.5,4.1,25.0,2.3,2.9,3.9,66.0,62.1,1112.0,53.8,0.3,1.9,0.5,5.0,0.4,10.5,3.2,25.7,63.0,959.0,82.4,86.9,91.9,84.1,64.9,98.8,93.1,3259.0,33.8,95.7,99.3,99.6,76.6,0.3,99.9,36.3,42.0,34.8,82.0,89.7,96.4,92.4,87.3,92.0,95.6,51.6,8.0,88.8,,81.2,97.1,2.6,3.7,99.9,33.8,33.8,33.8,4.9,64.3,54.1,64.8,65.6,22.7,23.6,99.9,22.9,20.0,12.4,3.7,0.09187279151943467,3.8,9.0,11.1,1.0,43.3,84.9,54.3,53.9,64.0,55.5,42.5,0.4373134328358209,58.4,19.5,30.7,7.2,0.5526262301682331,High
Punjab,77.2,76.7,8.0,0.441988950276243,6.3,7.0,14.1,18.5,8.6,0.8316326530612242,24.5,11.0,94.8,37.7,2.4,0.3,0.4,0.4,20.6,37.6,68.1,86.4,91.4,25.2,22.3,63.5,81.6,61.2,93.2,11.6,1.6,0.1,0.4,12.9,7.8,0.3,22.8,79.4,86.8,56.0,58.7,54.8,78.2,22.0,8.7,11.4,1.6,3.1,21.0,21.8,28.0,32.7,66.6,50.5,938.0,22.8,0.5,3.1,1.5,22.2,0.1,9.9,3.7,21.7,78.2,904.0,68.5,59.3,89.7,55.4,40.5,96.9,86.2,3745.0,1.3,84.7,97.7,94.3,53.9,2.6,95.6,38.5,55.5,29.9,76.2,85.2,95.3,91.2,79.7,88.5,88.1,27.1,65.9,85.4,,69.9,90.6,8.0,4.9,99.7,60.7,27.0,78.0,2.5,57.3,53.1,55.5,46.2,10.5,16.3,98.8,11.9,24.5,10.6,3.7,0.14840989399293283,4.1,12.7,12.5,0.8443804034582131,32.2,86.6,72.8,63.1,71.1,58.8,51.7,0.49104477611940306,60.3,22.6,32.7,5.8,0.5856524733350178,High
Rajasthan,63.5,41.4,2.8,0.027624309392265192,5.0,3.3,8.9,9.8,3.3,0.02551020408163265,12.7,3.6,94.2,17.9,0.4,0.2,0.2,0.8,26.8,36.0,74.9,90.6,87.7,87.8,17.4,26.6,79.6,50.2,84.1,24.3,2.1,0.9,6.9,42.0,8.9,0.3,11.0,64.7,88.9,33.4,51.9,36.9,65.2,28.3,25.4,28.2,2.0,3.7,31.0,20.2,30.3,37.6,72.3,62.1,1009.0,42.4,0.3,1.4,3.1,13.7,0.6,7.6,3.7,24.1,61.0,891.0,76.3,55.3,93.4,33.9,14.4,98.1,85.3,2102.0,1.3,86.9,91.4,94.9,77.0,1.4,95.6,10.4,26.9,7.2,80.4,85.3,95.6,77.1,84.6,89.3,91.2,26.8,61.6,88.2,,64.5,98.0,1.6,6.1,98.1,64.3,27.2,79.7,2.9,71.1,40.7,70.4,38.0,8.4,7.5,96.5,8.3,31.8,16.8,7.6,0.5265017667844524,3.3,19.6,14.0,0.04034582132564842,15.0,71.1,59.0,42.4,71.5,54.7,46.3,0.426865671641791,59.4,23.2,34.0,3.9,0.18431997651001694,Low
Sikkim,83.7,78.4,4.7,0.3038674033149171,7.5,7.0,15.7,18.5,11.8,1.0,25.0,13.9,98.3,41.6,0.6,0.1,0.8,4.0,23.9,18.5,72.2,83.7,89.7,25.7,32.7,53.1,76.4,88.6,86.3,12.1,1.9,3.2,11.7,41.3,41.2,16.2,39.8,88.9,93.0,49.0,55.0,76.7,78.2,19.5,10.8,5.1,1.1,3.1,22.0,5.0,11.2,11.2,69.1,54.9,990.0,14.5,1.7,6.2,18.2,9.3,3.5,11.9,4.9,18.9,60.8,969.0,63.7,58.4,92.0,54.7,31.5,94.6,69.3,8334.0,33.8,66.2,96.5,94.7,78.6,2.6,96.5,32.8,55.4,30.4,80.6,87.6,96.6,75.5,89.0,91.4,90.5,29.0,0.0,89.1,87.5,,100.0,0.0,5.5,99.3,64.2,50.0,56.6,0.7,59.5,33.0,28.3,57.4,23.0,35.0,92.8,24.7,22.3,13.7,6.6,0.01413427561837457,9.6,5.8,4.9,0.6685878962536024,36.3,87.3,75.6,56.7,56.4,42.1,40.7,0.24328358208955225,46.7,18.7,17.6,6.2,0.49526791767437056,Moderate
Tamil Nadu,80.4,82.9,11.1,0.7734806629834253,8.1,11.9,22.1,14.3,6.2,0.5051020408163265,19.5,7.4,92.0,30.2,9.8,5.6,1.2,0.7,23.6,26.6,77.9,90.1,92.8,66.5,40.8,47.9,92.2,74.6,98.3,38.1,3.3,0.0,4.9,20.1,25.2,0.3,25.4,84.0,90.7,56.6,59.1,46.9,70.2,21.0,12.8,4.5,1.8,6.3,34.0,12.7,18.6,22.3,68.6,65.5,1088.0,57.8,0.1,4.8,0.3,1.8,0.2,7.5,3.0,28.5,82.6,878.0,77.4,89.9,89.7,82.5,63.1,98.8,93.2,3316.0,33.8,94.9,98.3,99.6,66.9,0.2,99.8,44.9,63.8,36.0,89.2,90.4,97.6,93.0,91.5,94.8,95.8,44.7,66.4,92.3,,68.2,89.8,10.1,3.7,99.3,53.8,28.9,60.2,1.1,67.4,60.2,55.1,66.5,12.8,24.1,98.6,16.3,25.0,14.6,5.5,0.3286219081272085,4.3,12.6,12.1,0.8328530259365993,37.0,72.6,55.9,56.2,57.4,53.6,48.3,0.41194029850746267,52.9,15.2,24.6,7.5,0.5792235939086604,High
Telangana,60.9,91.8,7.0,0.441988950276243,6.9,9.3,18.1,13.6,6.3,0.5714285714285714,18.5,8.1,95.8,31.4,3.3,0.3,2.5,2.6,30.7,30.5,68.9,75.3,87.2,60.8,45.1,66.6,84.4,60.0,92.1,36.9,4.0,5.0,5.6,22.3,15.3,6.7,43.3,66.6,84.8,45.5,61.2,26.5,57.4,22.5,23.5,16.3,1.8,5.8,48.0,16.8,26.4,29.4,68.1,66.7,1049.0,61.9,2.0,0.5,0.8,0.8,0.1,6.4,2.8,17.0,49.2,894.0,88.5,70.4,89.6,57.9,34.4,96.7,87.6,3846.0,15.6,90.0,90.0,97.0,49.7,1.3,93.6,60.7,81.5,44.5,79.1,87.4,93.5,73.5,81.6,89.2,90.6,36.4,5.3,86.4,72.4,,94.1,4.5,7.4,99.6,56.3,38.5,71.9,2.2,74.8,37.1,68.2,51.3,8.3,15.3,98.7,9.2,33.1,21.7,8.5,0.6749116607773852,3.4,18.8,16.2,0.5360230547550432,32.3,76.2,44.1,46.1,70.0,57.8,53.2,0.4746268656716418,64.7,15.3,25.1,5.8,0.5346216661143363,High
Tripura,81.8,45.3,8.0,0.6077348066298343,9.3,8.9,19.3,11.0,5.0,0.30612244897959173,13.4,5.2,99.5,22.7,0.7,0.4,0.6,0.2,15.4,30.0,59.5,85.3,90.9,33.0,23.1,17.2,76.9,53.1,68.8,20.7,2.1,7.0,50.4,56.9,24.2,6.2,33.1,80.6,88.2,23.2,29.4,22.9,45.7,23.7,40.1,20.4,1.7,21.9,91.0,22.9,37.6,43.3,71.2,49.1,1011.0,10.5,0.0,0.4,32.8,3.3,0.3,8.2,2.5,10.2,41.9,1028.0,63.2,52.7,94.9,26.7,8.9,93.0,71.9,6640.0,3.6,72.8,93.8,89.2,78.7,1.2,89.2,25.1,69.3,22.7,69.5,77.1,94.7,79.5,73.4,85.9,86.3,21.9,59.6,82.5,70.4,,97.3,1.4,6.2,98.2,67.2,16.7,63.1,1.3,64.2,36.4,62.1,53.1,13.3,16.3,88.0,13.5,32.3,18.2,7.3,0.4558303886925796,8.2,16.2,12.4,0.2881844380403458,23.4,73.6,62.5,42.0,64.3,67.4,61.5,0.6179104477611941,67.9,36.9,27.2,8.8,0.44767110903505974,Moderate
Uttar Pradesh,67.4,49.5,4.5,0.18232044198895025,5.8,5.0,11.6,11.5,4.9,0.17857142857142846,15.2,5.2,92.3,21.7,1.5,0.4,0.6,1.1,13.1,22.1,64.6,78.2,87.6,15.9,15.5,51.9,75.4,46.5,72.6,34.8,3.7,0.7,8.4,44.1,9.3,0.3,14.6,66.1,82.0,39.3,48.6,30.6,59.1,31.0,15.8,23.0,2.4,2.9,22.0,35.7,50.4,59.8,62.4,44.5,1017.0,16.9,0.1,1.5,4.4,19.1,1.2,12.9,4.8,25.1,70.6,941.0,62.5,42.4,92.1,22.3,9.7,95.7,72.0,2300.0,2.4,70.2,79.5,83.4,57.7,4.7,84.8,13.7,39.4,6.2,69.6,78.4,93.2,47.3,74.3,80.8,83.3,30.2,49.1,78.3,,73.9,94.4,2.2,5.6,91.0,50.7,28.5,69.9,3.5,63.0,23.9,59.7,31.0,5.9,7.0,99.2,6.1,39.7,17.3,7.3,0.6855123674911662,3.1,19.0,17.9,0.2824207492795389,18.5,68.8,56.8,52.1,66.4,50.6,45.9,0.3671641791044776,52.9,21.5,28.2,4.7,0.3138507863411254,Moderate
Uttarakhand,75.2,59.2,5.6,0.2265193370165746,5.6,7.6,14.3,13.7,6.3,0.40816326530612235,20.1,9.5,93.2,31.8,0.4,0.2,0.3,0.4,24.5,36.1,73.8,91.5,91.0,62.5,21.6,24.6,80.2,60.9,91.2,15.1,2.1,0.3,4.6,33.7,33.2,0.3,25.5,79.8,89.3,50.4,59.8,45.1,74.6,26.3,9.8,16.7,1.9,2.5,19.0,32.4,39.1,45.6,70.8,57.8,1016.0,26.0,0.7,1.5,2.7,25.6,0.4,8.8,3.2,20.2,60.7,984.0,68.8,61.8,93.6,46.6,25.0,97.1,78.0,3343.0,3.1,78.9,91.9,83.2,53.3,3.4,83.7,20.4,43.3,14.0,80.8,88.6,95.2,72.3,84.0,89.7,90.6,35.8,32.3,86.6,,53.7,95.3,3.0,4.4,99.6,55.9,30.1,79.6,2.3,71.0,41.3,52.5,50.6,13.2,10.3,95.9,12.5,27.0,13.2,4.7,0.2932862190812721,4.1,13.9,16.2,0.5244956772334294,27.1,78.8,62.9,56.0,58.8,42.4,46.4,0.25074626865671645,40.9,15.1,27.6,4.2,0.3463860057700655,Moderate
West Bengal,76.8,40.2,7.7,0.5966850828729282,10.8,9.5,21.3,11.5,5.3,0.2857142857142857,13.1,4.2,94.5,20.1,0.2,0.2,0.2,0.7,18.5,15.5,60.4,72.7,88.9,29.3,20.2,23.2,76.5,50.1,83.0,27.0,3.5,9.7,10.8,48.1,20.1,1.1,18.1,76.1,81.6,32.9,34.7,25.5,46.7,23.5,41.6,20.0,1.6,16.4,81.0,15.5,22.0,25.4,74.4,60.7,1049.0,29.4,0.1,2.2,20.3,7.0,0.7,7.0,3.0,17.5,53.6,973.0,72.6,75.8,94.6,62.5,30.8,98.4,68.0,2683.0,8.8,76.8,98.2,91.7,72.4,2.6,94.1,32.6,82.7,22.9,87.8,90.8,98.6,78.6,90.8,95.0,94.4,44.4,1.8,92.0,68.4,,96.3,2.5,6.5,97.5,75.3,36.0,75.2,2.8,71.3,59.4,53.3,67.8,24.0,17.0,97.5,23.4,33.8,20.3,7.1,0.6890459363957598,4.3,14.8,15.1,0.32276657060518726,16.2,68.0,74.7,57.2,69.0,71.7,62.3,0.6805970149253733,70.8,38.9,38.7,8.9,0.4947951955686331,Moderate
